driver_name,trip_id,pickup_zone,amount
Pierre Dubois,TR00165,Rennes,59.0
Nicolas Durand,TR00062,Dijon,183.05
Sophie Bernard,TR00177,Lyon,183.69
Élodie Thomas,TR00333,Paris,22.73
Pierre Moreau,TR00376,Saint-Étienne,83.74
Nicolas Robert,TR00435,Nîmes,85.5
Camille Martin,TR00361,Angers,71.96
Jean Leroy,TR00485,Le Havre,62.48
Jean Thomas,TR00301,Strasbourg,97.05
Sophie Leroy,TR00176,Saint-Étienne,175.96
Camille Martin,TR00289,Bordeaux,159.44
Pierre Moreau,TR00107,Reims,128.38
Sophie Durand,TR00329,Paris,109.29
Camille Leroy,TR00113,Rennes,89.72
Thomas Dubois,TR00055,Nice,88.74
Camille Martin,TR00423,Dijon,38.16
Thomas Martin,TR00184,Angers,121.71
Thomas Leroy,TR00382,Dijon,154.09
Élodie Leroy,TR00288,Montpellier,188.53
Camille Robert,TR00404,Montpellier,185.74
Élodie Bernard,TR00423,Paris,116.91
Élodie Thomas,TR00488,Grenoble,29.19
Luc Richard,TR00410,Paris,64.36
Élodie Thomas,TR00307,Rennes,111.77
Thomas Thomas,TR00322,Lille,75.34
Camille Thomas,TR00014,Clermont-Ferrand,88.07
Pierre Dubois,TR00465,Paris,82.78
Anaïs Moreau,TR00415,Saint-Étienne,102.26
Camille Martin,TR00134,Angers,125.7
Nicolas Moreau,TR00091,Saint-Étienne,17.12
Nicolas Martin,TR00352,Nîmes,62.33
Thomas Durand,TR00155,Marseille,37.33
Camille Martin,TR00170,Lyon,125.64
Pierre Petit,TR00004,Marseille,141.8
Luc Dubois,TR00435,Toulouse,17.37
Thomas Thomas,TR00284,Rennes,179.02
Nicolas Moreau,TR00201,Saint-Étienne,72.98
Élodie Bernard,TR00071,Lille,55.14
Élodie Bernard,TR00317,Nice,151.69
Pierre Dubois,TR00016,Nice,184.96
Jean Durand,TR00374,Strasbourg,180.44
Thomas Robert,TR00108,Grenoble,13.84
Pierre Moreau,TR00210,Clermont-Ferrand,165.3
Camille Martin,TR00171,Bordeaux,67.58
Jean Dubois,TR00186,Angers,63.27
Thomas Moreau,TR00361,Saint-Étienne,103.41
Élodie Thomas,TR00389,Angers,142.27
Nicolas Durand,TR00284,Toulon,28.66
Nicolas Martin,TR00043,Le Havre,175.09
Anaïs Dubois,TR00027,Lyon,35.53
Nicolas Petit,TR00079,Nice,195.1
Nicolas Robert,TR00309,Grenoble,94.19
Jean Leroy,TR00337,Lyon,166.91
Jean Martin,TR00137,Paris,61.19
Pierre Dubois,TR00331,Toulouse,89.19
Sophie Robert,TR00243,Montpellier,132.66
Élodie Durand,TR00222,Strasbourg,45.71
Marie Petit,TR00137,Le Havre,50.16
Marie Richard,TR00378,Grenoble,166.55
Sophie Robert,TR00057,Toulon,150.78
Pierre Leroy,TR00215,Lyon,154.3
Thomas Leroy,TR00142,Rennes,174.77
Sophie Robert,TR00340,Paris,165.99
Marie Martin,TR00244,Bordeaux,107.9
Jean Bernard,TR00334,Toulon,40.2
Pierre Leroy,TR00023,Toulon,69.11
Marie Richard,TR00198,Montpellier,106.29
Jean Dubois,TR00300,Paris,35.77
Thomas Moreau,TR00004,Lyon,171.75
Marie Moreau,TR00151,Nîmes,177.07
Luc Dubois,TR00106,Toulon,15.5
Anaïs Dubois,TR00069,Grenoble,46.63
Jean Durand,TR00128,Paris,168.26
Jean Petit,TR00165,Nîmes,169.03
Camille Petit,TR00004,Nantes,57.4
Pierre Martin,TR00374,Clermont-Ferrand,96.73
Pierre Dubois,TR00088,Grenoble,184.43
Jean Leroy,TR00191,Le Havre,143.88
Jean Dubois,TR00352,Reims,62.06
Marie Martin,TR00251,Nice,166.47
Nicolas Durand,TR00417,Lyon,105.97
Pierre Thomas,TR00404,Toulouse,130.73
Élodie Durand,TR00037,Bordeaux,33.54
Pierre Dubois,TR00431,Saint-Étienne,15.81
Anaïs Martin,TR00022,Nice,80.77
Élodie Durand,TR00010,Toulon,122.87
Élodie Moreau,TR00461,Nantes,43.74
Élodie Richard,TR00432,Le Havre,175.39
Pierre Martin,TR00288,Marseille,121.51
Pierre Durand,TR00287,Clermont-Ferrand,76.45
Jean Dubois,TR00355,Reims,41.07
Pierre Moreau,TR00209,Rennes,179.95
Élodie Richard,TR00058,Clermont-Ferrand,152.3
Anaïs Moreau,TR00011,Lyon,140.88
Pierre Durand,TR00163,Strasbourg,64.16
Élodie Moreau,TR00401,Saint-Étienne,83.45
Thomas Martin,TR00310,Nantes,40.95
Thomas Durand,TR00417,Le Havre,118.73
Nicolas Petit,TR00460,Clermont-Ferrand,193.33
Nicolas Moreau,TR00045,Nice,172.85
Élodie Moreau,TR00423,Le Havre,133.0
Anaïs Moreau,TR00122,Paris,138.76
Sophie Moreau,TR00295,Lille,61.13
Jean Dubois,TR00262,Clermont-Ferrand,87.81
Thomas Thomas,TR00198,Montpellier,13.81
Thomas Moreau,TR00156,Nice,158.26
Anaïs Martin,TR00170,Nîmes,155.84
Thomas Durand,TR00167,Strasbourg,11.69
Thomas Bernard,TR00085,Angers,183.19
Élodie Durand,TR00256,Angers,133.0
Pierre Moreau,TR00058,Lyon,124.22
Jean Petit,TR00255,Dijon,11.61
Jean Thomas,TR00453,Le Havre,57.95
Jean Dubois,TR00175,Reims,162.97
Sophie Leroy,TR00364,Lyon,68.04
Nicolas Petit,TR00410,Toulouse,193.73
Thomas Martin,TR00408,Reims,132.12
Élodie Robert,TR00119,Dijon,90.52
Camille Robert,TR00074,Reims,81.53
Thomas Martin,TR00099,Nantes,76.25
Élodie Moreau,TR00302,Marseille,57.88
Anaïs Dubois,TR00381,Paris,98.67
Thomas Robert,TR00328,Nantes,138.67
Thomas Richard,TR00089,Nice,166.62
Thomas Durand,TR00387,Lille,85.46
Marie Petit,TR00248,Marseille,29.44
Sophie Durand,TR00378,Toulouse,107.19
Jean Bernard,TR00380,Strasbourg,135.85
Camille Robert,TR00225,Grenoble,170.22
Élodie Moreau,TR00463,Strasbourg,81.1
Luc Dubois,TR00283,Paris,133.0
Nicolas Martin,TR00318,Nice,125.72
Sophie Durand,TR00313,Lyon,66.71
Pierre Thomas,TR00433,Grenoble,30.54
Marie Richard,TR00314,Nantes,22.13
Camille Martin,TR00076,Nice,197.79
Pierre Robert,TR00035,Lille,131.71
Élodie Richard,TR00222,Nice,173.68
Sophie Durand,TR00152,Lyon,59.62
Thomas Thomas,TR00138,Nîmes,145.11
Pierre Robert,TR00029,Nîmes,179.55
Marie Petit,TR00254,Clermont-Ferrand,66.77
Jean Petit,TR00156,Grenoble,38.49
Luc Dubois,TR00226,Toulouse,155.44
Nicolas Martin,TR00029,Nice,180.94
Élodie Robert,TR00416,Marseille,163.03
Marie Richard,TR00039,Nantes,162.45
Camille Durand,TR00433,Montpellier,124.01
Pierre Thomas,TR00428,Lyon,135.5
Thomas Martin,TR00308,Strasbourg,139.34
Anaïs Dubois,TR00254,Strasbourg,147.04
Sophie Moreau,TR00232,Montpellier,134.53
Pierre Leroy,TR00278,Lyon,199.52
Jean Thomas,TR00396,Lille,59.29
Nicolas Petit,TR00448,Bordeaux,89.53
Nicolas Petit,TR00225,Dijon,83.77
Pierre Leroy,TR00405,Grenoble,16.71
Thomas Moreau,TR00326,Toulouse,144.53
Pierre Moreau,TR00161,Marseille,118.69
Luc Dubois,TR00238,Nantes,46.08
Pierre Moreau,TR00076,Nîmes,148.04
Camille Martin,TR00031,Nantes,52.25
Nicolas Dubois,TR00052,Dijon,111.58
Camille Robert,TR00450,Saint-Étienne,159.13
Nicolas Moreau,TR00172,Nantes,182.24
Jean Bernard,TR00358,Nantes,137.66
Thomas Thomas,TR00253,Saint-Étienne,106.39
Élodie Durand,TR00087,Toulon,170.63
Anaïs Durand,TR00124,Clermont-Ferrand,169.72
Thomas Thomas,TR00219,Marseille,176.53
Jean Petit,TR00220,Nantes,44.42
Thomas Martin,TR00262,Nîmes,28.54
Jean Dubois,TR00080,Bordeaux,34.31
Luc Dubois,TR00187,Nantes,59.14
Marie Moreau,TR00142,Clermont-Ferrand,163.59
Camille Martin,TR00205,Clermont-Ferrand,154.95
Jean Bernard,TR00170,Lille,44.78
Thomas Martin,TR00299,Angers,139.15
Pierre Moreau,TR00395,Montpellier,73.77
Élodie Leroy,TR00324,Grenoble,26.97
Élodie Robert,TR00033,Bordeaux,77.5
Nicolas Martin,TR00048,Nice,151.4
Thomas Leroy,TR00340,Saint-Étienne,68.35
Pierre Moreau,TR00143,Nice,159.74
Thomas Thomas,TR00362,Marseille,72.95
Marie Martin,TR00329,Grenoble,59.51
Sophie Moreau,TR00454,Grenoble,65.87
Pierre Dubois,TR00437,Rennes,171.73
Jean Dubois,TR00167,Angers,99.4
Pierre Moreau,TR00292,Grenoble,174.61
Thomas Thomas,TR00071,Clermont-Ferrand,120.88
Luc Richard,TR00175,Montpellier,189.42
Thomas Leroy,TR00484,Reims,23.53
Pierre Moreau,TR00350,Strasbourg,178.99
Thomas Richard,TR00196,Lille,105.09
Thomas Martin,TR00298,Angers,174.82
Jean Dubois,TR00470,Saint-Étienne,82.52
Thomas Thomas,TR00155,Le Havre,66.69
Pierre Leroy,TR00189,Strasbourg,20.27
Pierre Moreau,TR00396,Montpellier,172.31
Marie Martin,TR00407,Dijon,36.1
Thomas Robert,TR00336,Bordeaux,48.06
Nicolas Moreau,TR00415,Angers,87.75
Marie Petit,TR00370,Reims,118.19
Thomas Robert,TR00343,Le Havre,182.26
Pierre Dubois,TR00264,Lyon,96.94
Nicolas Martin,TR00324,Clermont-Ferrand,70.11
Pierre Robert,TR00212,Montpellier,145.98
Jean Robert,TR00181,Strasbourg,158.0
Élodie Moreau,TR00182,Rennes,102.64
Pierre Robert,TR00091,Nîmes,129.9
Thomas Moreau,TR00108,Angers,43.6
Élodie Richard,TR00474,Rennes,130.55
Jean Bernard,TR00244,Le Havre,10.9
Jean Petit,TR00114,Nice,61.97
Pierre Moreau,TR00069,Toulon,154.63
Anaïs Martin,TR00039,Rennes,42.04
Camille Richard,TR00423,Dijon,155.25
Camille Robert,TR00051,Lyon,103.02
Anaïs Moreau,TR00386,Le Havre,155.08
Élodie Moreau,TR00418,Angers,26.73
Camille Dubois,TR00442,Nice,126.75
Jean Petit,TR00019,Dijon,130.36
Pierre Moreau,TR00169,Paris,86.64
Jean Durand,TR00384,Clermont-Ferrand,193.41
Sophie Bernard,TR00066,Angers,82.83
Élodie Durand,TR00189,Nice,17.17
Luc Dubois,TR00082,Le Havre,47.89
Camille Petit,TR00416,Clermont-Ferrand,80.89
Élodie Moreau,TR00386,Strasbourg,12.67
Jean Petit,TR00405,Paris,71.22
Pierre Moreau,TR00083,Lille,168.31
Jean Petit,TR00219,Rennes,46.21
Jean Bernard,TR00206,Rennes,138.58
Camille Martin,TR00339,Grenoble,129.07
Jean Bernard,TR00119,Grenoble,57.28
Sophie Robert,TR00223,Strasbourg,141.77
Jean Petit,TR00143,Nice,75.43
Marie Martin,TR00375,Le Havre,34.5
Nicolas Martin,TR00225,Grenoble,82.87
Jean Robert,TR00268,Rennes,121.85
Sophie Robert,TR00155,Nantes,41.73
Jean Durand,TR00405,Paris,166.53
Pierre Martin,TR00235,Marseille,66.66
Camille Thomas,TR00418,Strasbourg,65.26
Élodie Moreau,TR00184,Clermont-Ferrand,148.29
Élodie Moreau,TR00474,Marseille,123.31
Pierre Moreau,TR00493,Nîmes,74.19
Nicolas Robert,TR00231,Marseille,178.72
Camille Durand,TR00141,Nantes,199.14
Élodie Durand,TR00191,Montpellier,75.12
Élodie Thomas,TR00264,Bordeaux,181.26
Luc Dubois,TR00484,Montpellier,78.26
Camille Martin,TR00409,Montpellier,45.8
Camille Dubois,TR00401,Strasbourg,190.14
Camille Leroy,TR00070,Angers,184.46
Élodie Moreau,TR00126,Nantes,86.64
Pierre Moreau,TR00321,Nantes,53.4
Jean Bernard,TR00438,Saint-Étienne,148.16
Jean Leroy,TR00278,Marseille,34.93
Nicolas Durand,TR00052,Saint-Étienne,149.47
Anaïs Dubois,TR00423,Dijon,122.04
Élodie Leroy,TR00426,Angers,42.11
Jean Martin,TR00143,Toulouse,79.65
Nicolas Petit,TR00382,Clermont-Ferrand,133.6
Anaïs Dubois,TR00137,Bordeaux,17.1
Sophie Thomas,TR00453,Toulouse,176.54
Jean Bernard,TR00074,Toulouse,58.6
Thomas Thomas,TR00219,Grenoble,111.6
Anaïs Moreau,TR00474,Clermont-Ferrand,19.23
Élodie Thomas,TR00112,Bordeaux,198.99
Élodie Robert,TR00226,Strasbourg,135.77
Thomas Richard,TR00175,Toulouse,134.18
Pierre Thomas,TR00014,Dijon,13.75
Nicolas Dubois,TR00027,Strasbourg,141.05
Nicolas Moreau,TR00252,Paris,89.19
Jean Dubois,TR00118,Dijon,82.25
Élodie Durand,TR00498,Toulouse,113.98
Anaïs Dubois,TR00188,Grenoble,100.14
Sophie Moreau,TR00015,Nice,39.09
Élodie Robert,TR00466,Reims,142.09
Nicolas Martin,TR00420,Bordeaux,129.76
Nicolas Martin,TR00325,Le Havre,67.21
Anaïs Martin,TR00396,Saint-Étienne,135.72
Anaïs Martin,TR00069,Lyon,135.87
Thomas Martin,TR00144,Marseille,61.3
Pierre Dubois,TR00415,Toulon,125.07
Jean Dubois,TR00349,Toulouse,36.06
Pierre Petit,TR00070,Nantes,167.82
Pierre Thomas,TR00353,Montpellier,29.93
Marie Martin,TR00225,Lille,146.57
Thomas Thomas,TR00003,Toulon,32.37
Nicolas Martin,TR00040,Rennes,31.66
Thomas Robert,TR00128,Dijon,30.19
Thomas Thomas,TR00418,Grenoble,47.74
Nicolas Robert,TR00275,Dijon,47.95
Jean Dubois,TR00364,Grenoble,59.97
Anaïs Dubois,TR00264,Nantes,109.4
Anaïs Durand,TR00056,Saint-Étienne,48.32
Marie Martin,TR00145,Dijon,143.65
Pierre Durand,TR00151,Saint-Étienne,66.12
Thomas Moreau,TR00024,Reims,17.49
Jean Durand,TR00210,Lille,104.31
Marie Martin,TR00397,Dijon,49.46
Jean Robert,TR00229,Lyon,187.29
Jean Dubois,TR00056,Marseille,72.81
Luc Dubois,TR00453,Marseille,10.52
Jean Martin,TR00299,Nantes,137.61
Thomas Leroy,TR00009,Toulouse,182.31
Élodie Durand,TR00258,Angers,168.69
Jean Petit,TR00121,Rennes,137.11
Sophie Moreau,TR00072,Strasbourg,38.34
Pierre Thomas,TR00215,Marseille,27.12
Sophie Robert,TR00308,Nice,107.22
Pierre Martin,TR00121,Toulouse,147.48
Jean Durand,TR00209,Dijon,29.25
Élodie Richard,TR00333,Angers,58.62
Jean Durand,TR00043,Dijon,53.92
Sophie Moreau,TR00488,Clermont-Ferrand,197.85
Pierre Leroy,TR00034,Grenoble,66.24
Pierre Robert,TR00264,Montpellier,98.21
Camille Richard,TR00254,Marseille,28.96
Pierre Martin,TR00495,Nantes,43.19
Jean Petit,TR00278,Montpellier,17.49
Sophie Petit,TR00196,Lyon,65.21
Élodie Richard,TR00236,Nice,162.3
Anaïs Durand,TR00318,Paris,69.41
Thomas Thomas,TR00491,Marseille,150.32
Sophie Moreau,TR00127,Saint-Étienne,28.05
Luc Richard,TR00009,Clermont-Ferrand,154.06
Jean Bernard,TR00395,Rennes,18.72
Jean Dubois,TR00173,Montpellier,171.88
Camille Leroy,TR00367,Angers,136.04
Sophie Leroy,TR00315,Strasbourg,42.4
Jean Martin,TR00386,Saint-Étienne,77.93
Thomas Durand,TR00368,Montpellier,93.17
Élodie Richard,TR00167,Lyon,128.14
Sophie Moreau,TR00023,Paris,176.91
Jean Thomas,TR00274,Le Havre,27.66
Camille Petit,TR00407,Lille,164.84
Jean Dubois,TR00088,Lille,44.75
Élodie Durand,TR00390,Rennes,86.15
Sophie Durand,TR00233,Toulouse,192.84
Sophie Leroy,TR00348,Montpellier,61.65
Pierre Robert,TR00316,Reims,83.29
Thomas Thomas,TR00406,Le Havre,171.63
Élodie Robert,TR00032,Rennes,161.98
Sophie Durand,TR00389,Marseille,133.28
Nicolas Moreau,TR00229,Marseille,161.41
Thomas Robert,TR00147,Le Havre,31.48
Pierre Robert,TR00022,Saint-Étienne,142.27
Thomas Richard,TR00100,Nice,21.14
Jean Durand,TR00021,Saint-Étienne,189.07
Sophie Thomas,TR00467,Paris,40.29
Élodie Richard,TR00258,Reims,89.05
Thomas Leroy,TR00495,Rennes,122.24
Élodie Bernard,TR00272,Clermont-Ferrand,162.43
Jean Petit,TR00127,Marseille,138.89
Camille Richard,TR00377,Saint-Étienne,44.44
Pierre Moreau,TR00096,Le Havre,82.15
Pierre Leroy,TR00179,Lille,78.13
Nicolas Robert,TR00391,Clermont-Ferrand,15.48
Pierre Moreau,TR00433,Strasbourg,140.05
Anaïs Dubois,TR00166,Nantes,169.32
Thomas Robert,TR00063,Saint-Étienne,194.95
Marie Moreau,TR00185,Strasbourg,34.82
Marie Richard,TR00445,Clermont-Ferrand,184.88
Jean Petit,TR00372,Le Havre,31.46
Jean Bernard,TR00448,Bordeaux,88.14
Nicolas Moreau,TR00194,Saint-Étienne,18.73
Anaïs Martin,TR00487,Grenoble,59.71
Thomas Robert,TR00249,Nice,69.71
Pierre Robert,TR00249,Reims,143.87
Nicolas Martin,TR00463,Dijon,138.81
Jean Dubois,TR00260,Toulouse,155.83
Marie Martin,TR00401,Marseille,119.56
Marie Petit,TR00364,Bordeaux,117.35
Jean Petit,TR00040,Bordeaux,195.8
Jean Bernard,TR00302,Lyon,137.27
Élodie Bernard,TR00412,Nice,74.28
Nicolas Petit,TR00273,Lille,109.39
Thomas Thomas,TR00161,Rennes,143.11
Camille Richard,TR00041,Nantes,28.1
Sophie Moreau,TR00331,Reims,135.73
Jean Bernard,TR00154,Lille,57.23
Sophie Leroy,TR00302,Lille,75.69
Pierre Robert,TR00214,Toulon,138.5
Thomas Richard,TR00345,Clermont-Ferrand,83.13
Thomas Robert,TR00176,Angers,169.42
Élodie Leroy,TR00022,Lyon,116.09
Sophie Robert,TR00436,Clermont-Ferrand,197.68
Thomas Moreau,TR00177,Le Havre,20.37
Jean Leroy,TR00500,Nîmes,132.25
Jean Durand,TR00138,Clermont-Ferrand,39.82
Élodie Durand,TR00491,Toulon,171.28
Pierre Thomas,TR00474,Marseille,171.86
Anaïs Martin,TR00038,Toulon,175.19
Jean Dubois,TR00319,Bordeaux,24.22
Marie Martin,TR00182,Reims,103.41
Pierre Dubois,TR00401,Saint-Étienne,55.77
Camille Richard,TR00340,Le Havre,194.33
Jean Durand,TR00477,Angers,19.57
Camille Durand,TR00072,Montpellier,52.31
Marie Durand,TR00304,Grenoble,132.23
Jean Durand,TR00391,Lille,86.62
Nicolas Robert,TR00018,Strasbourg,54.65
Marie Moreau,TR00034,Montpellier,97.23
Marie Martin,TR00390,Dijon,162.24
Thomas Durand,TR00184,Toulon,95.14
Thomas Bernard,TR00192,Lyon,172.75
Thomas Moreau,TR00284,Rennes,94.94
Camille Thomas,TR00303,Lille,32.55
Élodie Bernard,TR00340,Nîmes,104.5
Thomas Bernard,TR00475,Nice,134.14
Sophie Moreau,TR00187,Clermont-Ferrand,29.5
Nicolas Moreau,TR00382,Nantes,88.34
Sophie Thomas,TR00287,Paris,115.85
Luc Dubois,TR00265,Le Havre,10.03
Pierre Dubois,TR00200,Reims,27.27
Élodie Thomas,TR00325,Reims,124.8
Nicolas Petit,TR00125,Montpellier,127.62
Sophie Durand,TR00057,Angers,67.87
Anaïs Durand,TR00368,Nice,106.58
Jean Petit,TR00250,Lyon,49.3
Anaïs Durand,TR00194,Rennes,137.58
Sophie Moreau,TR00281,Bordeaux,190.57
Pierre Petit,TR00131,Strasbourg,79.04
Pierre Martin,TR00131,Bordeaux,20.31
Jean Durand,TR00224,Lille,52.35
Camille Robert,TR00499,Saint-Étienne,96.35
Pierre Dubois,TR00143,Nantes,116.43
Jean Dubois,TR00459,Grenoble,127.75
Marie Durand,TR00246,Grenoble,99.9
Thomas Moreau,TR00062,Montpellier,134.86
Jean Petit,TR00427,Nantes,146.02
Élodie Bernard,TR00227,Angers,31.66
Jean Dubois,TR00450,Paris,154.27
Élodie Leroy,TR00223,Lyon,52.13
Thomas Richard,TR00044,Le Havre,74.86
Camille Martin,TR00341,Montpellier,167.68
Jean Petit,TR00423,Marseille,193.24
Élodie Moreau,TR00160,Toulon,65.48
Jean Bernard,TR00174,Strasbourg,109.18
Jean Durand,TR00033,Paris,143.4
Anaïs Dubois,TR00272,Clermont-Ferrand,18.7
Pierre Thomas,TR00446,Bordeaux,41.19
Sophie Leroy,TR00426,Angers,36.69
Camille Durand,TR00356,Marseille,146.2
Élodie Robert,TR00464,Dijon,147.1
Pierre Leroy,TR00319,Toulouse,30.32
Jean Petit,TR00397,Nîmes,126.06
Camille Richard,TR00255,Lille,45.63
Jean Bernard,TR00061,Angers,186.74
Luc Richard,TR00101,Lille,84.65
Jean Bernard,TR00070,Nice,96.84
Élodie Leroy,TR00396,Nîmes,158.47
Pierre Dubois,TR00014,Toulouse,146.19
Élodie Durand,TR00278,Nice,30.48
Jean Petit,TR00185,Nantes,88.75
Sophie Durand,TR00402,Angers,186.06
Jean Dubois,TR00276,Bordeaux,169.12
Thomas Bernard,TR00306,Angers,121.87
Sophie Durand,TR00044,Reims,156.71
Sophie Durand,TR00155,Paris,95.6
Sophie Moreau,TR00500,Montpellier,135.11
Camille Leroy,TR00360,Marseille,191.68
Jean Bernard,TR00263,Bordeaux,35.58
Élodie Moreau,TR00385,Angers,104.78
Thomas Leroy,TR00412,Paris,110.77
Camille Leroy,TR00037,Angers,19.23
Jean Bernard,TR00487,Saint-Étienne,187.71
Jean Leroy,TR00322,Clermont-Ferrand,169.38
Sophie Bernard,TR00225,Strasbourg,101.76
Élodie Moreau,TR00341,Marseille,106.58
Pierre Moreau,TR00173,Lyon,185.02
Camille Petit,TR00439,Nice,43.67
Élodie Thomas,TR00391,Reims,119.93
Thomas Thomas,TR00320,Marseille,148.79
Jean Leroy,TR00091,Nantes,34.39
Sophie Bernard,TR00484,Toulon,83.61
Pierre Moreau,TR00217,Marseille,124.1
Jean Bernard,TR00456,Le Havre,177.71
Nicolas Moreau,TR00028,Le Havre,105.78
Luc Dubois,TR00063,Marseille,83.09
Pierre Moreau,TR00077,Clermont-Ferrand,196.11
Élodie Richard,TR00083,Marseille,184.02
Marie Martin,TR00162,Rennes,154.85
Thomas Thomas,TR00355,Paris,61.98
Thomas Bernard,TR00174,Angers,193.08
Jean Durand,TR00471,Strasbourg,194.39
Jean Bernard,TR00448,Reims,96.04
Nicolas Martin,TR00423,Dijon,35.34
Thomas Moreau,TR00126,Toulouse,88.42
Jean Robert,TR00318,Strasbourg,143.0
Sophie Durand,TR00276,Angers,152.2
Pierre Moreau,TR00063,Toulon,66.79
Jean Bernard,TR00152,Lyon,143.28
Pierre Moreau,TR00267,Marseille,173.53
Pierre Dubois,TR00252,Le Havre,145.26
Pierre Petit,TR00085,Grenoble,187.75
Luc Dubois,TR00471,Nice,130.19
Nicolas Durand,TR00078,Clermont-Ferrand,48.17
Thomas Thomas,TR00330,Nantes,128.59
Sophie Moreau,TR00361,Marseille,65.21
Jean Petit,TR00303,Lille,75.61
Nicolas Robert,TR00422,Lyon,137.75
Sophie Petit,TR00282,Grenoble,196.45
Jean Robert,TR00413,Dijon,133.52
Pierre Dubois,TR00015,Dijon,192.08
Sophie Robert,TR00023,Le Havre,105.74
Jean Petit,TR00321,Angers,141.92
Nicolas Martin,TR00289,Saint-Étienne,71.25
Marie Petit,TR00326,Angers,31.93
Jean Durand,TR00384,Nantes,76.93
Élodie Thomas,TR00209,Rennes,101.27
Jean Dubois,TR00320,Rennes,118.42
Thomas Richard,TR00250,Reims,136.76
Élodie Durand,TR00314,Lille,89.32
Jean Bernard,TR00145,Lyon,152.1
Pierre Moreau,TR00479,Toulon,169.86
Sophie Thomas,TR00242,Clermont-Ferrand,64.33
Pierre Dubois,TR00403,Montpellier,170.99
Pierre Martin,TR00343,Marseille,163.58
Camille Martin,TR00149,Montpellier,109.32
Élodie Thomas,TR00037,Grenoble,14.8
Élodie Bernard,TR00030,Rennes,37.61
Nicolas Martin,TR00220,Clermont-Ferrand,137.35
Thomas Moreau,TR00243,Clermont-Ferrand,47.98
Thomas Thomas,TR00103,Nîmes,152.54
Nicolas Durand,TR00304,Marseille,40.58
Camille Dubois,TR00157,Toulon,64.46
Jean Petit,TR00360,Grenoble,57.61
Nicolas Robert,TR00368,Nice,169.48
Jean Bernard,TR00431,Angers,141.21
Pierre Martin,TR00488,Le Havre,66.08
Sophie Robert,TR00066,Clermont-Ferrand,153.18
Camille Leroy,TR00186,Le Havre,16.14
Pierre Dubois,TR00281,Paris,164.66
Élodie Thomas,TR00160,Lyon,29.47
Pierre Moreau,TR00234,Lille,174.93
Camille Dubois,TR00134,Paris,150.5
Thomas Martin,TR00124,Lyon,174.32
Jean Petit,TR00049,Le Havre,151.06
Pierre Dubois,TR00146,Rennes,116.64
Élodie Moreau,TR00193,Dijon,55.14
Sophie Petit,TR00308,Rennes,159.02
Camille Martin,TR00125,Strasbourg,161.78
Anaïs Dubois,TR00433,Reims,64.65
Marie Martin,TR00080,Lyon,136.25
Pierre Durand,TR00164,Rennes,186.03
Nicolas Martin,TR00289,Dijon,83.64
Thomas Durand,TR00157,Lille,191.77
Pierre Petit,TR00382,Nantes,195.41
Jean Durand,TR00250,Rennes,69.4
Camille Leroy,TR00258,Bordeaux,114.9
Anaïs Martin,TR00250,Saint-Étienne,12.46
Pierre Leroy,TR00155,Rennes,57.75
Camille Richard,TR00012,Nice,127.91
Thomas Durand,TR00473,Dijon,158.38
Thomas Robert,TR00253,Saint-Étienne,175.32
Marie Durand,TR00484,Angers,167.7
Nicolas Martin,TR00108,Lyon,183.18
Nicolas Petit,TR00177,Angers,143.88
Camille Martin,TR00026,Reims,133.05
Élodie Bernard,TR00248,Saint-Étienne,153.47
Élodie Leroy,TR00442,Lyon,113.86
Jean Robert,TR00328,Lyon,124.64
Sophie Robert,TR00236,Strasbourg,157.47
Jean Petit,TR00269,Montpellier,193.22
Jean Thomas,TR00424,Dijon,65.89
Pierre Durand,TR00216,Nantes,43.71
Élodie Moreau,TR00442,Reims,139.71
Nicolas Petit,TR00364,Reims,45.53
Nicolas Martin,TR00382,Marseille,43.02
Camille Richard,TR00183,Reims,107.63
Élodie Leroy,TR00201,Reims,81.67
Thomas Richard,TR00286,Toulouse,91.42
Pierre Petit,TR00098,Clermont-Ferrand,115.75
Nicolas Martin,TR00277,Rennes,34.71
Thomas Moreau,TR00037,Le Havre,120.96
Jean Dubois,TR00253,Reims,58.45
Camille Robert,TR00383,Toulouse,72.81
Camille Leroy,TR00140,Marseille,144.84
Pierre Leroy,TR00495,Le Havre,39.41
Thomas Thomas,TR00341,Lille,39.2
Jean Thomas,TR00060,Toulon,71.3
Sophie Durand,TR00488,Le Havre,19.66
Thomas Martin,TR00197,Paris,187.15
Marie Richard,TR00398,Saint-Étienne,126.97
Jean Bernard,TR00170,Lille,135.76
Jean Bernard,TR00470,Lyon,103.2
Jean Thomas,TR00378,Reims,118.81
Sophie Bernard,TR00100,Grenoble,78.04
Anaïs Moreau,TR00255,Lyon,158.97
Jean Petit,TR00251,Montpellier,70.39
Camille Richard,TR00023,Nice,51.79
Jean Dubois,TR00069,Montpellier,44.94
Luc Dubois,TR00167,Grenoble,22.95
Jean Dubois,TR00237,Nice,105.98
Thomas Robert,TR00229,Lille,89.03
Nicolas Robert,TR00304,Marseille,112.04
Marie Martin,TR00258,Grenoble,27.47
Camille Leroy,TR00164,Reims,52.03
Pierre Leroy,TR00307,Bordeaux,50.54
Jean Dubois,TR00082,Rennes,73.06
Nicolas Martin,TR00496,Paris,78.55
Thomas Richard,TR00370,Toulon,51.5
Marie Durand,TR00150,Bordeaux,153.0
Nicolas Robert,TR00169,Montpellier,110.79
Pierre Dubois,TR00415,Nice,199.36
Sophie Bernard,TR00267,Toulouse,166.5
Jean Petit,TR00355,Nîmes,196.42
Pierre Petit,TR00150,Toulon,11.67
Sophie Durand,TR00408,Grenoble,137.1
Sophie Petit,TR00185,Nîmes,94.68
Luc Dubois,TR00337,Reims,181.85
Jean Dubois,TR00490,Strasbourg,126.6
Jean Leroy,TR00292,Nantes,128.02
Camille Thomas,TR00399,Strasbourg,192.19
Sophie Thomas,TR00363,Reims,139.68
Pierre Dubois,TR00345,Lille,70.98
Élodie Moreau,TR00014,Lyon,184.03
Nicolas Moreau,TR00238,Nice,189.55
Anaïs Dubois,TR00484,Rennes,83.32
Sophie Leroy,TR00392,Nîmes,112.65
Nicolas Petit,TR00389,Toulouse,63.74
Pierre Thomas,TR00289,Saint-Étienne,183.15
Pierre Moreau,TR00361,Clermont-Ferrand,166.2
Anaïs Thomas,TR00292,Clermont-Ferrand,81.24
Sophie Moreau,TR00086,Lyon,162.54
Jean Durand,TR00315,Montpellier,94.66
Anaïs Durand,TR00310,Lille,18.33
Thomas Dubois,TR00421,Saint-Étienne,180.67
Nicolas Martin,TR00074,Nantes,46.58
Marie Petit,TR00341,Grenoble,107.64
Thomas Leroy,TR00016,Paris,190.16
Sophie Petit,TR00475,Bordeaux,41.81
Pierre Dubois,TR00055,Grenoble,191.69
Sophie Durand,TR00010,Nantes,112.22
Élodie Durand,TR00157,Dijon,11.39
Pierre Thomas,TR00076,Montpellier,22.44
Jean Bernard,TR00346,Grenoble,137.36
Camille Thomas,TR00206,Montpellier,156.98
Jean Petit,TR00388,Le Havre,174.34
Nicolas Robert,TR00461,Toulouse,90.6
Pierre Petit,TR00437,Nîmes,29.75
Jean Petit,TR00368,Le Havre,112.17
Thomas Martin,TR00032,Bordeaux,143.52
Jean Thomas,TR00070,Paris,195.48
Anaïs Dubois,TR00104,Strasbourg,157.29
Camille Thomas,TR00163,Bordeaux,132.85
Camille Dubois,TR00332,Nantes,188.55
Anaïs Martin,TR00263,Saint-Étienne,151.91
Jean Martin,TR00157,Toulon,39.21
Élodie Durand,TR00087,Clermont-Ferrand,97.25
Anaïs Durand,TR00457,Paris,73.03
Thomas Robert,TR00172,Angers,26.63
Pierre Robert,TR00178,Saint-Étienne,20.31
Nicolas Martin,TR00386,Reims,160.9
Nicolas Dubois,TR00361,Marseille,116.04
Sophie Moreau,TR00322,Rennes,119.24
Camille Richard,TR00347,Bordeaux,53.25
Sophie Moreau,TR00306,Montpellier,59.14
Nicolas Martin,TR00097,Lyon,83.73
Thomas Robert,TR00124,Clermont-Ferrand,129.74
Anaïs Moreau,TR00280,Reims,92.27
Jean Leroy,TR00113,Lyon,13.21
Jean Petit,TR00487,Nîmes,137.93
Pierre Dubois,TR00149,Toulon,111.62
Camille Dubois,TR00145,Rennes,131.87
Élodie Leroy,TR00104,Reims,127.49
Marie Richard,TR00353,Nice,153.63
Camille Robert,TR00159,Clermont-Ferrand,121.27
Thomas Martin,TR00175,Lyon,143.17
Thomas Martin,TR00467,Lyon,23.79
Pierre Dubois,TR00398,Marseille,186.33
Nicolas Petit,TR00137,Saint-Étienne,30.17
Thomas Dubois,TR00061,Lyon,159.51
Marie Martin,TR00339,Grenoble,67.26
Camille Martin,TR00190,Strasbourg,26.44
Nicolas Moreau,TR00491,Clermont-Ferrand,155.4
Sophie Petit,TR00410,Bordeaux,93.16
Élodie Robert,TR00478,Lille,85.07
Sophie Durand,TR00403,Nantes,135.54
Pierre Moreau,TR00146,Saint-Étienne,100.06
Nicolas Moreau,TR00144,Reims,111.36
Élodie Durand,TR00358,Reims,35.91
Élodie Richard,TR00174,Nantes,84.29
Thomas Martin,TR00222,Lille,161.52
Nicolas Petit,TR00129,Lyon,113.69
Anaïs Moreau,TR00240,Bordeaux,192.43
Sophie Durand,TR00102,Le Havre,37.37
Camille Martin,TR00270,Grenoble,138.68
Élodie Moreau,TR00467,Toulouse,183.69
Pierre Moreau,TR00349,Toulouse,161.05
Jean Robert,TR00069,Montpellier,148.57
Pierre Robert,TR00308,Strasbourg,80.89
Luc Dubois,TR00294,Rennes,190.4
Sophie Durand,TR00122,Clermont-Ferrand,115.17
Camille Leroy,TR00335,Bordeaux,115.46
Nicolas Robert,TR00266,Nantes,33.41
Thomas Martin,TR00319,Lille,10.96
Marie Petit,TR00027,Marseille,123.36
Nicolas Petit,TR00207,Toulouse,112.06
Thomas Thomas,TR00359,Angers,189.93
Thomas Robert,TR00051,Saint-Étienne,67.89
Élodie Thomas,TR00386,Angers,152.18
Sophie Durand,TR00003,Paris,181.67
Thomas Martin,TR00276,Saint-Étienne,75.33
Thomas Robert,TR00465,Nantes,88.4
Jean Thomas,TR00204,Lyon,132.73
Camille Thomas,TR00468,Bordeaux,107.39
Nicolas Martin,TR00440,Nice,40.58
Jean Petit,TR00239,Rennes,51.95
Anaïs Dubois,TR00100,Angers,168.6
Marie Richard,TR00482,Lille,46.92
Luc Richard,TR00161,Clermont-Ferrand,44.46
Anaïs Thomas,TR00323,Paris,161.94
Thomas Richard,TR00454,Strasbourg,171.93
Jean Bernard,TR00045,Montpellier,171.76
Jean Petit,TR00288,Reims,187.15
Nicolas Petit,TR00268,Bordeaux,198.92
Jean Dubois,TR00362,Montpellier,97.64
Camille Leroy,TR00469,Saint-Étienne,114.44
Élodie Durand,TR00457,Marseille,65.22
Sophie Petit,TR00088,Paris,22.8
Jean Dubois,TR00442,Saint-Étienne,28.66
Sophie Durand,TR00088,Clermont-Ferrand,147.86
Sophie Durand,TR00460,Marseille,102.57
Élodie Moreau,TR00499,Saint-Étienne,72.86
Camille Martin,TR00199,Nice,34.36
Pierre Durand,TR00248,Dijon,134.54
Jean Petit,TR00469,Dijon,29.01
Jean Thomas,TR00482,Grenoble,127.71
Nicolas Durand,TR00464,Lille,181.02
Anaïs Martin,TR00439,Saint-Étienne,70.38
Anaïs Durand,TR00005,Paris,95.62
Camille Robert,TR00284,Lyon,127.11
Marie Martin,TR00054,Nîmes,68.08
Élodie Moreau,TR00492,Strasbourg,120.99
Élodie Durand,TR00143,Marseille,117.45
Jean Petit,TR00495,Nîmes,79.25
Nicolas Robert,TR00272,Saint-Étienne,70.1
Jean Bernard,TR00247,Nantes,91.38
Jean Bernard,TR00470,Paris,10.92
Jean Bernard,TR00426,Montpellier,56.77
Nicolas Petit,TR00235,Toulouse,52.09
Anaïs Dubois,TR00097,Grenoble,150.57
Élodie Robert,TR00057,Saint-Étienne,92.86
Sophie Moreau,TR00082,Nice,169.62
Camille Martin,TR00230,Paris,35.52
Jean Dubois,TR00129,Angers,149.26
Nicolas Moreau,TR00094,Toulouse,176.8
Thomas Leroy,TR00369,Bordeaux,97.94
Anaïs Moreau,TR00396,Toulouse,78.16
Nicolas Petit,TR00284,Lille,68.04
Thomas Richard,TR00379,Toulon,114.82
Jean Leroy,TR00088,Paris,43.4
Pierre Dubois,TR00429,Dijon,125.26
Thomas Leroy,TR00449,Bordeaux,169.94
Camille Martin,TR00414,Lille,173.16
Pierre Durand,TR00258,Strasbourg,36.6
Jean Petit,TR00044,Grenoble,112.34
Marie Martin,TR00335,Lyon,60.01
Anaïs Thomas,TR00093,Lille,178.4
Jean Robert,TR00071,Marseille,24.53
Thomas Martin,TR00162,Toulouse,24.33
Thomas Bernard,TR00125,Toulon,13.54
Thomas Robert,TR00131,Rennes,106.36
Élodie Thomas,TR00118,Dijon,15.93
Marie Durand,TR00377,Saint-Étienne,120.56
Jean Robert,TR00478,Le Havre,86.98
Jean Dubois,TR00151,Clermont-Ferrand,122.11
Pierre Leroy,TR00362,Le Havre,182.2
Camille Martin,TR00006,Nice,114.8
Thomas Thomas,TR00327,Rennes,113.26
Élodie Richard,TR00347,Montpellier,199.76
Thomas Dubois,TR00032,Nîmes,99.7
Thomas Robert,TR00060,Rennes,157.29
Marie Martin,TR00154,Nice,79.51
Sophie Thomas,TR00203,Toulouse,52.43
Sophie Thomas,TR00252,Nantes,156.71
Thomas Thomas,TR00448,Bordeaux,149.31
Camille Petit,TR00352,Toulon,65.29
Marie Martin,TR00156,Le Havre,98.29
Pierre Thomas,TR00059,Lyon,106.98
Camille Robert,TR00459,Clermont-Ferrand,85.39
Pierre Durand,TR00148,Rennes,105.41
Sophie Durand,TR00308,Le Havre,135.91
Marie Petit,TR00110,Clermont-Ferrand,171.12
Thomas Leroy,TR00067,Clermont-Ferrand,163.24
Jean Dubois,TR00077,Marseille,126.67
Sophie Thomas,TR00374,Angers,41.51
Sophie Moreau,TR00303,Lille,107.69
Pierre Martin,TR00208,Saint-Étienne,94.78
Nicolas Petit,TR00275,Nîmes,44.04
Thomas Thomas,TR00236,Lyon,190.26
Marie Richard,TR00269,Clermont-Ferrand,135.29
Anaïs Dubois,TR00333,Bordeaux,193.87
Anaïs Dubois,TR00110,Saint-Étienne,149.82
Nicolas Petit,TR00124,Le Havre,101.87
Thomas Martin,TR00378,Nice,78.17
Camille Dubois,TR00437,Saint-Étienne,51.58
Anaïs Durand,TR00041,Saint-Étienne,102.65
Pierre Moreau,TR00224,Toulouse,21.94
Marie Durand,TR00352,Grenoble,80.19
Sophie Bernard,TR00040,Saint-Étienne,18.13
Thomas Richard,TR00283,Angers,49.29
Anaïs Thomas,TR00031,Nîmes,182.47
Élodie Leroy,TR00274,Paris,78.64
Sophie Petit,TR00253,Reims,99.24
Marie Martin,TR00287,Nîmes,96.38
Nicolas Robert,TR00075,Grenoble,18.82
Jean Robert,TR00165,Grenoble,196.31
Élodie Leroy,TR00261,Toulouse,71.57
Camille Richard,TR00059,Clermont-Ferrand,143.71
Thomas Leroy,TR00103,Toulon,109.06
Camille Richard,TR00292,Montpellier,167.63
Pierre Thomas,TR00046,Nantes,168.63
Nicolas Durand,TR00256,Montpellier,60.03
Anaïs Durand,TR00405,Lyon,113.43
Nicolas Moreau,TR00227,Bordeaux,43.03
Camille Richard,TR00257,Bordeaux,134.2
Marie Martin,TR00229,Rennes,79.41
Nicolas Robert,TR00029,Paris,134.13
Nicolas Martin,TR00232,Nîmes,168.74
Pierre Durand,TR00404,Bordeaux,108.17
Anaïs Dubois,TR00362,Marseille,81.5
Sophie Bernard,TR00198,Reims,182.38
Pierre Dubois,TR00409,Nîmes,108.11
Thomas Martin,TR00373,Saint-Étienne,77.05
Thomas Richard,TR00290,Nantes,174.87
Camille Leroy,TR00023,Paris,102.5
Marie Moreau,TR00173,Grenoble,101.6
Élodie Thomas,TR00032,Nîmes,124.8
Camille Dubois,TR00498,Le Havre,105.35
Élodie Thomas,TR00468,Saint-Étienne,36.4
Thomas Dubois,TR00035,Toulon,41.47
Nicolas Moreau,TR00467,Clermont-Ferrand,24.65
Sophie Thomas,TR00016,Nice,132.26
Camille Leroy,TR00205,Nîmes,50.19
Thomas Thomas,TR00385,Nice,45.51
Camille Petit,TR00383,Marseille,78.82
Thomas Richard,TR00490,Nantes,146.29
Élodie Durand,TR00323,Marseille,32.48
Camille Martin,TR00211,Toulouse,53.77
Élodie Moreau,TR00497,Nîmes,164.12
Thomas Robert,TR00192,Le Havre,146.85
Élodie Moreau,TR00435,Clermont-Ferrand,101.49
Élodie Moreau,TR00454,Dijon,100.97
Nicolas Durand,TR00188,Toulouse,50.03
Camille Dubois,TR00342,Clermont-Ferrand,40.64
Élodie Moreau,TR00331,Angers,168.34
Camille Petit,TR00270,Nîmes,14.26
Nicolas Dubois,TR00327,Le Havre,18.2
Jean Robert,TR00174,Bordeaux,118.96
Pierre Dubois,TR00090,Grenoble,40.61
Élodie Thomas,TR00269,Toulouse,129.61
Jean Thomas,TR00265,Nantes,17.45
Pierre Thomas,TR00364,Angers,118.73
Pierre Thomas,TR00112,Marseille,20.62
Marie Petit,TR00002,Reims,59.07
Camille Leroy,TR00012,Nîmes,44.21
Pierre Petit,TR00150,Nîmes,192.07
Jean Bernard,TR00337,Nice,123.88
Marie Richard,TR00273,Clermont-Ferrand,117.08
Jean Durand,TR00266,Clermont-Ferrand,13.54
Pierre Moreau,TR00412,Paris,146.71
Marie Durand,TR00124,Dijon,135.73
Thomas Dubois,TR00174,Nîmes,63.86
Sophie Robert,TR00138,Clermont-Ferrand,26.29
Nicolas Moreau,TR00469,Bordeaux,95.35
Camille Leroy,TR00363,Grenoble,198.63
Marie Martin,TR00057,Nîmes,174.79
Nicolas Martin,TR00405,Marseille,42.41
Anaïs Martin,TR00210,Reims,167.77
Marie Moreau,TR00384,Bordeaux,124.16
Pierre Petit,TR00442,Clermont-Ferrand,160.98
Nicolas Martin,TR00008,Toulouse,165.89
Sophie Petit,TR00104,Toulon,44.56
Pierre Dubois,TR00051,Lyon,135.33
Pierre Moreau,TR00017,Reims,60.26
Marie Moreau,TR00299,Dijon,147.6
Jean Thomas,TR00352,Toulon,75.11
Pierre Thomas,TR00025,Strasbourg,96.16
Thomas Richard,TR00371,Lille,122.21
Pierre Petit,TR00202,Bordeaux,53.66
Pierre Robert,TR00118,Lyon,83.24
Thomas Richard,TR00109,Lille,30.63
Camille Robert,TR00432,Marseille,48.45
Pierre Robert,TR00029,Paris,173.32
Pierre Dubois,TR00252,Nice,105.83
Thomas Thomas,TR00145,Reims,89.76
Anaïs Martin,TR00408,Clermont-Ferrand,38.42
Sophie Leroy,TR00366,Toulon,28.3
Jean Dubois,TR00160,Montpellier,100.42
Thomas Bernard,TR00299,Nice,126.8
Pierre Durand,TR00337,Rennes,17.42
Sophie Leroy,TR00161,Marseille,158.93
Jean Bernard,TR00151,Montpellier,105.63
Pierre Dubois,TR00072,Toulon,32.33
Sophie Bernard,TR00331,Angers,101.63
Thomas Robert,TR00111,Angers,34.76
Camille Dubois,TR00151,Toulouse,124.66
Camille Richard,TR00031,Lyon,167.23
Camille Durand,TR00475,Saint-Étienne,180.42
Nicolas Martin,TR00440,Lille,157.23
Pierre Dubois,TR00456,Nantes,133.35
Sophie Moreau,TR00313,Clermont-Ferrand,109.19
Jean Thomas,TR00214,Lyon,80.37
Jean Dubois,TR00248,Toulouse,18.25
Nicolas Robert,TR00487,Nice,110.67
Sophie Durand,TR00471,Reims,53.6
Jean Durand,TR00336,Rennes,162.44
Jean Petit,TR00393,Toulon,160.02
Élodie Richard,TR00160,Lyon,82.43
Pierre Dubois,TR00209,Grenoble,121.92
Marie Durand,TR00075,Dijon,150.86
Nicolas Moreau,TR00189,Montpellier,154.69
Élodie Bernard,TR00378,Paris,142.37
Nicolas Martin,TR00237,Nîmes,28.57
Thomas Moreau,TR00425,Toulouse,35.44
Élodie Moreau,TR00151,Toulon,100.66
Camille Thomas,TR00354,Toulouse,54.18
Thomas Robert,TR00403,Marseille,173.22
Marie Martin,TR00458,Bordeaux,63.82
Thomas Thomas,TR00282,Toulouse,176.59
Jean Bernard,TR00484,Angers,87.64
Thomas Robert,TR00279,Reims,45.91
Pierre Dubois,TR00068,Reims,144.74
Sophie Thomas,TR00122,Lille,159.99
Camille Leroy,TR00102,Lille,119.82
Jean Dubois,TR00324,Bordeaux,32.39
Jean Durand,TR00462,Paris,11.37
Pierre Dubois,TR00424,Grenoble,134.36
Jean Petit,TR00047,Saint-Étienne,140.68
Marie Richard,TR00363,Toulouse,70.02
Camille Thomas,TR00096,Nice,78.83
Camille Leroy,TR00135,Strasbourg,39.41
Thomas Durand,TR00337,Lille,133.8
Thomas Richard,TR00302,Angers,58.19
Jean Petit,TR00437,Dijon,172.45
Thomas Richard,TR00095,Toulouse,90.48
Jean Durand,TR00381,Paris,79.47
Luc Richard,TR00363,Toulouse,62.36
Jean Martin,TR00280,Lille,139.32
Jean Bernard,TR00240,Lyon,153.44
Sophie Durand,TR00435,Saint-Étienne,88.51
Pierre Petit,TR00167,Nantes,158.92
Anaïs Thomas,TR00479,Nice,101.67
Jean Petit,TR00008,Montpellier,80.34
Élodie Moreau,TR00469,Angers,115.43
Jean Petit,TR00482,Lyon,58.22
Jean Thomas,TR00059,Rennes,68.26
Élodie Moreau,TR00500,Toulouse,75.43
Nicolas Moreau,TR00240,Toulon,144.04
Jean Durand,TR00122,Nice,149.8
Anaïs Martin,TR00303,Strasbourg,172.45
Sophie Bernard,TR00103,Lille,135.26
Sophie Petit,TR00458,Montpellier,152.08
Marie Martin,TR00277,Bordeaux,94.85
Pierre Leroy,TR00388,Lille,142.87
Luc Dubois,TR00191,Lyon,40.74
Élodie Leroy,TR00267,Le Havre,50.75
Nicolas Moreau,TR00180,Angers,86.11
Pierre Moreau,TR00131,Lyon,74.3
Thomas Leroy,TR00257,Nantes,114.61
Thomas Robert,TR00249,Rennes,142.44
Camille Thomas,TR00050,Clermont-Ferrand,144.29
Nicolas Petit,TR00491,Grenoble,40.54
Élodie Thomas,TR00235,Grenoble,193.27
Jean Thomas,TR00420,Saint-Étienne,11.01
Élodie Leroy,TR00458,Saint-Étienne,27.31
Pierre Dubois,TR00186,Strasbourg,37.61
Jean Bernard,TR00207,Rennes,185.91
Jean Bernard,TR00282,Toulon,92.72
Anaïs Durand,TR00111,Montpellier,22.18
Élodie Bernard,TR00073,Toulon,52.14
Nicolas Durand,TR00131,Montpellier,25.21
Thomas Moreau,TR00468,Lyon,17.17
Jean Thomas,TR00290,Nîmes,83.02
Sophie Robert,TR00209,Reims,197.05
Élodie Durand,TR00077,Rennes,126.65
Jean Thomas,TR00165,Nîmes,108.99
Pierre Robert,TR00190,Saint-Étienne,145.21
Pierre Dubois,TR00417,Angers,123.52
Jean Dubois,TR00250,Dijon,189.69
Jean Dubois,TR00328,Marseille,165.84
Thomas Bernard,TR00343,Le Havre,131.66
Camille Robert,TR00129,Toulouse,93.4
Anaïs Moreau,TR00411,Clermont-Ferrand,48.32
Nicolas Moreau,TR00484,Clermont-Ferrand,134.81
Nicolas Moreau,TR00321,Saint-Étienne,162.74
Pierre Dubois,TR00246,Marseille,64.34
Pierre Dubois,TR00085,Strasbourg,16.39
Sophie Bernard,TR00398,Clermont-Ferrand,123.91
Jean Petit,TR00085,Strasbourg,108.0
Thomas Martin,TR00361,Clermont-Ferrand,54.02
Marie Petit,TR00245,Dijon,42.2
Marie Durand,TR00459,Saint-Étienne,16.85